{
  "Select Product - 4" : {
    "transaction" : "Select Product - 4",
    "sampleCount" : 1,
    "errorCount" : 0,
    "errorPct" : 0.0,
    "meanResTime" : 208.0,
    "medianResTime" : 208.0,
    "minResTime" : 208.0,
    "maxResTime" : 208.0,
    "pct1ResTime" : 208.0,
    "pct2ResTime" : 208.0,
    "pct3ResTime" : 208.0,
    "throughput" : 4.807692307692308,
    "receivedKBytesPerSec" : 20.19794170673077,
    "sentKBytesPerSec" : 3.197303185096154
  },
  "Select Item" : {
    "transaction" : "Select Item",
    "sampleCount" : 39,
    "errorCount" : 0,
    "errorPct" : 0.0,
    "meanResTime" : 193.05128205128204,
    "medianResTime" : 198.0,
    "minResTime" : 135.0,
    "maxResTime" : 291.0,
    "pct1ResTime" : 212.0,
    "pct2ResTime" : 217.0,
    "pct3ResTime" : 291.0,
    "throughput" : 3.1195008798592228,
    "receivedKBytesPerSec" : 14.724909639457685,
    "sentKBytesPerSec" : 2.0498282774756036
  },
  "Select Category" : {
    "transaction" : "Select Category",
    "sampleCount" : 49,
    "errorCount" : 0,
    "errorPct" : 0.0,
    "meanResTime" : 201.10204081632656,
    "medianResTime" : 200.0,
    "minResTime" : 176.0,
    "maxResTime" : 264.0,
    "pct1ResTime" : 215.0,
    "pct2ResTime" : 225.0,
    "pct3ResTime" : 264.0,
    "throughput" : 3.632858837485172,
    "receivedKBytesPerSec" : 13.935419446915777,
    "sentKBytesPerSec" : 2.302466196804567
  },
  "Select Product - 2" : {
    "transaction" : "Select Product - 2",
    "sampleCount" : 49,
    "errorCount" : 0,
    "errorPct" : 0.0,
    "meanResTime" : 139.14285714285714,
    "medianResTime" : 191.0,
    "minResTime" : 0.0,
    "maxResTime" : 228.0,
    "pct1ResTime" : 213.0,
    "pct2ResTime" : 222.0,
    "pct3ResTime" : 228.0,
    "throughput" : 3.706505295007564,
    "receivedKBytesPerSec" : 10.230784913956127,
    "sentKBytesPerSec" : 1.710387906580938
  },
  "Select Product - 3" : {
    "transaction" : "Select Product - 3",
    "sampleCount" : 8,
    "errorCount" : 0,
    "errorPct" : 0.0,
    "meanResTime" : 145.0,
    "medianResTime" : 189.5,
    "minResTime" : 0.0,
    "maxResTime" : 200.0,
    "pct1ResTime" : 200.0,
    "pct2ResTime" : 200.0,
    "pct3ResTime" : 200.0,
    "throughput" : 0.7737692233291421,
    "receivedKBytesPerSec" : 2.289004316181449,
    "sentKBytesPerSec" : 0.38594006915562434
  },
  "Sign In - 4" : {
    "transaction" : "Sign In - 4",
    "sampleCount" : 1,
    "errorCount" : 0,
    "errorPct" : 0.0,
    "meanResTime" : 395.0,
    "medianResTime" : 395.0,
    "minResTime" : 395.0,
    "maxResTime" : 395.0,
    "pct1ResTime" : 395.0,
    "pct2ResTime" : 395.0,
    "pct3ResTime" : 395.0,
    "throughput" : 2.5316455696202533,
    "receivedKBytesPerSec" : 13.429588607594937,
    "sentKBytesPerSec" : 4.212816455696203
  },
  "Sign In - 3" : {
    "transaction" : "Sign In - 3",
    "sampleCount" : 8,
    "errorCount" : 0,
    "errorPct" : 0.0,
    "meanResTime" : 405.875,
    "medianResTime" : 411.0,
    "minResTime" : 390.0,
    "maxResTime" : 416.0,
    "pct1ResTime" : 416.0,
    "pct2ResTime" : 416.0,
    "pct3ResTime" : 416.0,
    "throughput" : 0.8984725965858041,
    "receivedKBytesPerSec" : 4.766116352201258,
    "sentKBytesPerSec" : 1.4951145552560647
  },
  "Select Product" : {
    "transaction" : "Select Product",
    "sampleCount" : 34,
    "errorCount" : 0,
    "errorPct" : 0.0,
    "meanResTime" : 200.52941176470586,
    "medianResTime" : 202.0,
    "minResTime" : 185.0,
    "maxResTime" : 228.0,
    "pct1ResTime" : 217.5,
    "pct2ResTime" : 224.25,
    "pct3ResTime" : 228.0,
    "throughput" : 3.503348789283874,
    "receivedKBytesPerSec" : 13.936216029108706,
    "sentKBytesPerSec" : 2.329863794435858
  },
  "Select Item-17" : {
    "transaction" : "Select Item-17",
    "sampleCount" : 8,
    "errorCount" : 0,
    "errorPct" : 0.0,
    "meanResTime" : 169.75,
    "medianResTime" : 155.0,
    "minResTime" : 135.0,
    "maxResTime" : 291.0,
    "pct1ResTime" : 291.0,
    "pct2ResTime" : 291.0,
    "pct3ResTime" : 291.0,
    "throughput" : 0.8454872120059184,
    "receivedKBytesPerSec" : 7.286547505812725,
    "sentKBytesPerSec" : 0.5507226273515113
  },
  "Select Category - 3" : {
    "transaction" : "Select Category - 3",
    "sampleCount" : 8,
    "errorCount" : 0,
    "errorPct" : 0.0,
    "meanResTime" : 199.0,
    "medianResTime" : 199.0,
    "minResTime" : 185.0,
    "maxResTime" : 214.0,
    "pct1ResTime" : 214.0,
    "pct2ResTime" : 214.0,
    "pct3ResTime" : 214.0,
    "throughput" : 0.8541533205210335,
    "receivedKBytesPerSec" : 3.6768631219303867,
    "sentKBytesPerSec" : 0.5413530322442879
  },
  "Select Category - 4" : {
    "transaction" : "Select Category - 4",
    "sampleCount" : 1,
    "errorCount" : 0,
    "errorPct" : 0.0,
    "meanResTime" : 197.0,
    "medianResTime" : 197.0,
    "minResTime" : 197.0,
    "maxResTime" : 197.0,
    "pct1ResTime" : 197.0,
    "pct2ResTime" : 197.0,
    "pct3ResTime" : 197.0,
    "throughput" : 5.076142131979695,
    "receivedKBytesPerSec" : 20.4433692893401,
    "sentKBytesPerSec" : 3.2172033629441623
  },
  "Select Product - 3-32" : {
    "transaction" : "Select Product - 3-32",
    "sampleCount" : 6,
    "errorCount" : 0,
    "errorPct" : 0.0,
    "meanResTime" : 193.33333333333334,
    "medianResTime" : 193.5,
    "minResTime" : 186.0,
    "maxResTime" : 200.0,
    "pct1ResTime" : 200.0,
    "pct2ResTime" : 200.0,
    "pct3ResTime" : 200.0,
    "throughput" : 0.8684324793747287,
    "receivedKBytesPerSec" : 3.4253894376899696,
    "sentKBytesPerSec" : 0.5775415219279201
  },
  "Select Category - 2" : {
    "transaction" : "Select Category - 2",
    "sampleCount" : 59,
    "errorCount" : 0,
    "errorPct" : 0.0,
    "meanResTime" : 167.0169491525423,
    "medianResTime" : 199.0,
    "minResTime" : 0.0,
    "maxResTime" : 264.0,
    "pct1ResTime" : 212.0,
    "pct2ResTime" : 224.0,
    "pct3ResTime" : 264.0,
    "throughput" : 3.2567895782733496,
    "receivedKBytesPerSec" : 10.375410548686244,
    "sentKBytesPerSec" : 1.714267170595054
  },
  "Open Url - 4" : {
    "transaction" : "Open Url - 4",
    "sampleCount" : 1,
    "errorCount" : 0,
    "errorPct" : 0.0,
    "meanResTime" : 786.0,
    "medianResTime" : 786.0,
    "minResTime" : 786.0,
    "maxResTime" : 786.0,
    "pct1ResTime" : 786.0,
    "pct2ResTime" : 786.0,
    "pct3ResTime" : 786.0,
    "throughput" : 1.272264631043257,
    "receivedKBytesPerSec" : 7.037213740458015,
    "sentKBytesPerSec" : 0.6162531806615776
  },
  "Select Item - 3-33" : {
    "transaction" : "Select Item - 3-33",
    "sampleCount" : 3,
    "errorCount" : 0,
    "errorPct" : 0.0,
    "meanResTime" : 201.33333333333334,
    "medianResTime" : 202.0,
    "minResTime" : 200.0,
    "maxResTime" : 202.0,
    "pct1ResTime" : 202.0,
    "pct2ResTime" : 202.0,
    "pct3ResTime" : 202.0,
    "throughput" : 0.6286672254819782,
    "receivedKBytesPerSec" : 2.46125674507544,
    "sentKBytesPerSec" : 0.41440466523470243
  },
  "Open Url - 2" : {
    "transaction" : "Open Url - 2",
    "sampleCount" : 61,
    "errorCount" : 0,
    "errorPct" : 0.0,
    "meanResTime" : 814.4426229508197,
    "medianResTime" : 794.0,
    "minResTime" : 734.0,
    "maxResTime" : 1520.0,
    "pct1ResTime" : 840.8,
    "pct2ResTime" : 865.9,
    "pct3ResTime" : 1520.0,
    "throughput" : 3.105906313645621,
    "receivedKBytesPerSec" : 16.1144248822556,
    "sentKBytesPerSec" : 1.7317078506873727
  },
  "Select Item - 4-65" : {
    "transaction" : "Select Item - 4-65",
    "sampleCount" : 1,
    "errorCount" : 0,
    "errorPct" : 0.0,
    "meanResTime" : 199.0,
    "medianResTime" : 199.0,
    "minResTime" : 199.0,
    "maxResTime" : 199.0,
    "pct1ResTime" : 199.0,
    "pct2ResTime" : 199.0,
    "pct3ResTime" : 199.0,
    "throughput" : 5.025125628140704,
    "receivedKBytesPerSec" : 19.644119032663315,
    "sentKBytesPerSec" : 3.307553391959799
  },
  "Open Url - 3" : {
    "transaction" : "Open Url - 3",
    "sampleCount" : 8,
    "errorCount" : 0,
    "errorPct" : 0.0,